CRASH DATE,CRASH TIME,BOROUGH,ZIP CODE,LATITUDE,LONGITUDE,LOCATION,ON STREET NAME,CROSS STREET NAME,OFF STREET NAME,CONTRIBUTING FACTOR VEHICLE 1,CONTRIBUTING FACTOR VEHICLE 2,CONTRIBUTING FACTOR VEHICLE 3,CONTRIBUTING FACTOR VEHICLE 4,CONTRIBUTING FACTOR VEHICLE 5,COLLISION_ID,VEHICLE TYPE CODE 1,VEHICLE TYPE CODE 2,VEHICLE TYPE CODE 3,VEHICLE TYPE CODE 4,VEHICLE TYPE CODE 5,STATE_REGISTRATION,VEHICLE_TYPE,VEHICLE_MAKE,VEHICLE_MODEL,VEHICLE_YEAR,TRAVEL_DIRECTION,DRIVER_SEX,DRIVER_LICENSE_STATUS,DRIVER_LICENSE_JURISDICTION,PRE_CRASH,POINT_OF_IMPACT,VEHICLE_DAMAGE,VEHICLE_DAMAGE_1,VEHICLE_DAMAGE_2,VEHICLE_DAMAGE_3,PUBLIC_PROPERTY_DAMAGE,PUBLIC_PROPERTY_DAMAGE_TYPE,PERSON_ID,PERSON_TYPE,PERSON_INJURY,EJECTION,EMOTIONAL_STATUS,BODILY_INJURY,POSITION_IN_VEHICLE,SAFETY_EQUIPMENT,PED_LOCATION,PED_ACTION,COMPLAINT,PED_ROLE,PERSON_SEX
9/11/21,2:39,Unspecified,Unspecified,0,0,Unspecified,WHITESTONE EXPRESSWAY,20 AVENUE,Unspecified,Aggressive Driving/Road Rage,Unspecified,Unspecified,Unspecified,Unspecified,4455765,Sedan,Sedan,Unspecified,Unspecified,Unspecified,NY,Sedan,INFI -CAR/SUV,Unspecified,2007,South,Unspecified,Unspecified,Unspecified,Unspecified,Left Front Bumper,Center Front End,Unspecified,Unspecified,Unspecified,N,Unspecified,4f73a3c3-fef4-428f-9c86-457f1d7a73c7,Occupant,Injured,Not Ejected,Conscious,Back,Driver,Lap Belt,Unspecified,Unspecified,Complaint of Pain or Nausea,Driver,M
3/26/22,11:45,Unspecified,Unspecified,0,0,Unspecified,QUEENSBORO BRIDGE UPPER,Unspecified,Unspecified,Pavement Slippery,Unspecified,Unspecified,Unspecified,Unspecified,4513547,Sedan,Unspecified,Unspecified,Unspecified,Unspecified,NY,Sedan,HOND -CAR/SUV,Unspecified,2016,North,F,Licensed,NY,Making Right Turn,Left Front Bumper,Left Front Bumper,Left Front Quarter Panel,Unspecified,Unspecified,N,Unspecified,fc03e6f9-bf72-4fca-9450-21c7199a7417,Occupant,Injured,Not Ejected,Conscious,Shoulder - Upper Arm,Driver,Lap Belt & Harness,Unspecified,Unspecified,Complaint of Pain or Nausea,Driver,F
6/29/22,6:55,Unspecified,Unspecified,0,0,Unspecified,THROGS NECK BRIDGE,Unspecified,Unspecified,Following Too Closely,Unspecified,Unspecified,Unspecified,Unspecified,4541903,Sedan,Pick-up Truck,Unspecified,Unspecified,Unspecified,NY,Sedan,TOYT -CAR/SUV,Unspecified,2019,South,M,Licensed,CT,Slowing or Stopping,Center Back End,Center Back End,Right Rear Bumper,Left Rear Bumper,Unspecified,N,Unspecified,95552a63-c652-4bba-8617-6b21405bf86d,Occupant,Unspecified,Not Ejected,Does Not Apply,Does Not Apply,Driver,Lap Belt & Harness,Unspecified,Unspecified,Does Not Apply,Driver,M
9/11/21,9:35,BROOKLYN,11208,40.667202,-73.8665,"(40.667202, -73.8665)",Unspecified,Unspecified,1211      LORING AVENUE,Unspecified,Unspecified,Unspecified,Unspecified,Unspecified,4456314,Sedan,Unspecified,Unspecified,Unspecified,Unspecified,NC,Sedan,DODG -CAR/SUV,Unspecified,2018,South,F,Licensed,NC,Parked,Left Rear Quarter Panel,Left Rear Quarter Panel,Left Side Doors,Left Front Bumper,Unspecified,N,Unspecified,3cb21800-426f-47c8-a79e-fb65f2d2115e,Occupant,Unspecified,Not Ejected,Does Not Apply,Does Not Apply,Unknown,Unspecified,Unspecified,Unspecified,Does Not Apply,Driver,F
12/14/21,8:13,BROOKLYN,11233,40.683304,-73.917274,"(40.683304, -73.917274)",SARATOGA AVENUE,DECATUR STREET,Unspecified,Unspecified,Unspecified,Unspecified,Unspecified,Unspecified,4486609,Unspecified,Unspecified,Unspecified,Unspecified,Unspecified,Unspecified,Unspecified,Unspecified,Unspecified,0,East,Unspecified,Unspecified,Unspecified,Going Straight Ahead,Center Front End,No Damage,No Damage,No Damage,No Damage,Unspecified,Unspecified,49b837fa-d00c-40a2-8af1-31ea2ce302f2,Pedestrian,Unspecified,Unspecified,Does Not Apply,Does Not Apply,Unspecified,Unspecified,Pedestrian/Bicyclist/Other Pedestrian at Intersection,"Crossing, No Signal, Marked Crosswalk",Does Not Apply,Pedestrian,M
4/14/21,12:47,Unspecified,Unspecified,0,0,Unspecified,MAJOR DEEGAN EXPRESSWAY RAMP,Unspecified,Unspecified,Unspecified,Unspecified,Unspecified,Unspecified,Unspecified,4407458,Dump,Sedan,Unspecified,Unspecified,Unspecified,NY,Sedan,MERZ -CAR/SUV,Unspecified,2014,South,F,Licensed,NY,Changing Lanes,Left Rear Quarter Panel,Left Rear Quarter Panel,Left Rear Bumper,No Damage,No Damage,N,Unspecified,648c2a52-5457-43cc-800c-d298ff6e05d3,Occupant,Unspecified,Not Ejected,Does Not Apply,Does Not Apply,Driver,Lap Belt & Harness,Unspecified,Unspecified,Does Not Apply,Driver,M
12/14/21,17:05,Unspecified,Unspecified,40.709183,-73.956825,"(40.709183, -73.956825)",BROOKLYN QUEENS EXPRESSWAY,Unspecified,Unspecified,Passing Too Closely,Unspecified,Unspecified,Unspecified,Unspecified,4486555,Sedan,Tractor Truck Diesel,Unspecified,Unspecified,Unspecified,Unspecified,Tractor Truck Diesel,Unspecified,Unspecified,0,West,Unspecified,Unspecified,Unspecified,Going Straight Ahead,Right Front Quarter Panel,Right Front Quarter Panel,Unspecified,Unspecified,Unspecified,N,Unspecified,e817c53d-1f35-48e2-bb60-3b08b981d8a2,Occupant,Unspecified,Unspecified,Unspecified,Unspecified,Unspecified,Unspecified,Unspecified,Unspecified,Unspecified,Registrant,M
12/14/21,8:17,BRONX,10475,40.86816,-73.83148,"(40.86816, -73.83148)",Unspecified,Unspecified,344       BAYCHESTER AVENUE,Unspecified,Unspecified,Unspecified,Unspecified,Unspecified,4486660,Sedan,Sedan,Unspecified,Unspecified,Unspecified,AL,Sedan,ACUR -CAR/SUV,Unspecified,2003,North,M,Licensed,NY,Going Straight Ahead,Center Front End,Center Front End,Left Front Bumper,Right Front Bumper,Left Front Quarter Panel,N,Unspecified,a1699487-c586-4e1b-bf8c-a08cf53e331a,Occupant,Injured,Not Ejected,Shock,Chest,Driver,Lap Belt & Harness,Unspecified,Unspecified,Complaint of Pain or Nausea,Driver,F
12/14/21,14:58,MANHATTAN,10017,40.75144,-73.97397,"(40.75144, -73.97397)",3 AVENUE,EAST 43 STREET,Unspecified,Passing Too Closely,Unspecified,Unspecified,Unspecified,Unspecified,4486519,Sedan,Station Wagon/Sport Utility Vehicle,Unspecified,Unspecified,Unspecified,NY,Sedan,TOYT -CAR/SUV,Unspecified,2017,North,M,Licensed,NY,Going Straight Ahead,Left Rear Bumper,Left Rear Bumper,No Damage,No Damage,No Damage,N,Unspecified,6f2d874d-f1ef-4e5e-8327-128c10c55823,Occupant,Unspecified,Unspecified,Unspecified,Unspecified,Unspecified,Unspecified,Unspecified,Unspecified,Unspecified,Registrant,U
12/13/21,0:34,Unspecified,Unspecified,40.701275,-73.88887,"(40.701275, -73.88887)",MYRTLE AVENUE,Unspecified,Unspecified,Passing or Lane Usage Improper,Unspecified,Unspecified,Unspecified,Unspecified,4486934,Station Wagon/Sport Utility Vehicle,Unspecified,Unspecified,Unspecified,Unspecified,NY,Station Wagon/Sport Utility Vehicle,MNNI -CAR/SUV,Unspecified,2019,East,M,Licensed,NY,Stopped in Traffic,Left Front Quarter Panel,Left Rear Bumper,Right Rear Bumper,Unspecified,Unspecified,N,Unspecified,438fd179-25b9-46ca-a456-38b77e7423e0,Occupant,Unspecified,Not Ejected,Does Not Apply,Does Not Apply,"Front passenger, if two or more persons, including the driver, are in the front seat",Lap Belt & Harness,Unspecified,Unspecified,Does Not Apply,Passenger,M
12/14/21,16:50,QUEENS,11413,40.675884,-73.75577,"(40.675884, -73.75577)",SPRINGFIELD BOULEVARD,EAST GATE PLAZA,Unspecified,Turning Improperly,Unspecified,Unspecified,Unspecified,Unspecified,4487127,Sedan,Station Wagon/Sport Utility Vehicle,Unspecified,Unspecified,Unspecified,NY,Station Wagon/Sport Utility Vehicle,FORD -CAR/SUV,Unspecified,2017,South,M,Licensed,NY,Going Straight Ahead,Right Side Doors,Right Side Doors,Unspecified,Unspecified,Unspecified,N,Unspecified,216a20a9-3408-4c15-a876-7dbfbb24315a,Occupant,Unspecified,Unspecified,Unspecified,Unspecified,Unspecified,Unspecified,Unspecified,Unspecified,Unspecified,Registrant,M
12/14/21,8:30,Unspecified,Unspecified,0,0,Unspecified,broadway,west 80 street -west 81 street,Unspecified,Unsafe Lane Changing,Unspecified,Unspecified,Unspecified,Unspecified,4486634,Station Wagon/Sport Utility Vehicle,Sedan,Unspecified,Unspecified,Unspecified,NJ,Sedan,HOND -CAR/SUV,Unspecified,2017,North,Unspecified,Unspecified,Unspecified,Passing,Right Front Bumper,Right Front Bumper,No Damage,No Damage,No Damage,N,Unspecified,1457b39c-b730-4414-b7cd-33651275ed26,Occupant,Unspecified,Unspecified,Unspecified,Unspecified,Unspecified,Unspecified,Unspecified,Unspecified,Unspecified,Registrant,M
12/14/21,0:59,Unspecified,Unspecified,40.59662,-74.00231,"(40.59662, -74.00231)",BELT PARKWAY,Unspecified,Unspecified,Unsafe Speed,Unspecified,Unspecified,Unspecified,Unspecified,4486564,Sedan,Unspecified,Unspecified,Unspecified,Unspecified,NY,Sedan,INFI -CAR/SUV,Unspecified,2019,West,M,Licensed,NY,Going Straight Ahead,Right Front Bumper,Center Front End,Left Front Bumper,Right Rear Bumper,Center Back End,N,Unspecified,20342f94-aeab-455f-8fe7-233ee6d03d00,Occupant,Unspecified,Unspecified,Unspecified,Unspecified,Unspecified,Unspecified,Unspecified,Unspecified,Unspecified,Registrant,M
12/14/21,23:10,QUEENS,11434,40.66684,-73.78941,"(40.66684, -73.78941)",NORTH CONDUIT AVENUE,150 STREET,Unspecified,Reaction to Uninvolved Vehicle,Unspecified,Unspecified,Unspecified,Unspecified,4486635,Sedan,Sedan,Unspecified,Unspecified,Unspecified,NY,Sedan,NISS -CAR/SUV,Unspecified,2010,West,M,Licensed,NY,Going Straight Ahead,Center Front End,Other,Unspecified,Unspecified,Unspecified,N,Unspecified,d0a84c2e-54d7-4b38-a6fa-8e0595df427e,Occupant,Unspecified,Unspecified,Unspecified,Unspecified,Unspecified,Unspecified,Unspecified,Unspecified,Unspecified,Registrant,F
12/14/21,17:58,BROOKLYN,11217,40.68158,-73.97463,"(40.68158, -73.97463)",Unspecified,Unspecified,480       DEAN STREET,Passing Too Closely,Unspecified,Unspecified,Unspecified,Unspecified,4486604,Tanker,Station Wagon/Sport Utility Vehicle,Unspecified,Unspecified,Unspecified,NY,Tanker,Unspecified,Unspecified,0,East,M,Licensed,NY,Going Straight Ahead,Right Front Bumper,No Damage,Unspecified,Unspecified,Unspecified,N,Unspecified,a6f72353-9474-4fdb-9611-6a889b3e4511,Occupant,Unspecified,Not Ejected,Does Not Apply,Does Not Apply,Driver,Lap Belt & Harness,Unspecified,Unspecified,Does Not Apply,Driver,M
12/14/21,20:03,BROOKLYN,11226,40.65068,-73.95881,"(40.65068, -73.95881)",Unspecified,Unspecified,878       FLATBUSH AVENUE,Steering Failure,Unspecified,Unspecified,Unspecified,Unspecified,4486991,Sedan,Unspecified,Unspecified,Unspecified,Unspecified,NJ,Sedan,FORD -CAR/SUV,Unspecified,2017,South,M,Licensed,NY,Making U Turn,Center Front End,Right Front Bumper,Center Front End,No Damage,No Damage,N,Unspecified,b1ad3506-709e-4ec8-99ce-afba1a858a3e,Occupant,Injured,Not Ejected,Conscious,Head,Right rear passenger or motorcycle sidecar passenger,Lap Belt,Unspecified,Unspecified,Contusion - Bruise,Passenger,M
12/14/21,1:28,Unspecified,Unspecified,0,0,Unspecified,MEEKER AVENUE,LORIMER STREET,Unspecified,Traffic Control Disregarded,Unspecified,Unspecified,Unspecified,Unspecified,4486284,Station Wagon/Sport Utility Vehicle,Station Wagon/Sport Utility Vehicle,Unspecified,Unspecified,Unspecified,FL,Station Wagon/Sport Utility Vehicle,KIA -CAR/SUV,Unspecified,2020,South,M,Licensed,NY,Going Straight Ahead,Right Front Quarter Panel,Right Front Quarter Panel,Right Side Doors,Unspecified,Unspecified,N,Unspecified,265794dc-7a89-4b3e-a2f9-a7bddef39433,Occupant,Unspecified,Unspecified,Unspecified,Unspecified,Unspecified,Unspecified,Unspecified,Unspecified,Unspecified,Registrant,Unspecified
12/11/21,19:43,BRONX,10463,40.87262,-73.904686,"(40.87262, -73.904686)",WEST KINGSBRIDGE ROAD,HEATH AVENUE,Unspecified,Unspecified,Unspecified,Unspecified,Unspecified,Unspecified,4487040,Station Wagon/Sport Utility Vehicle,Sedan,Unspecified,Unspecified,Unspecified,NY,Sedan,FORD -CAR/SUV,Unspecified,2020,West,F,Licensed,NY,Going Straight Ahead,Center Front End,Center Front End,Unspecified,Unspecified,Unspecified,N,Unspecified,d51ec997-f864-4f1c-85c1-7ab1c257df5e,Occupant,Unspecified,Unspecified,Unspecified,Unspecified,Unspecified,Unspecified,Unspecified,Unspecified,Unspecified,Registrant,F
12/14/21,14:30,Unspecified,Unspecified,40.783268,-73.82485,"(40.783268, -73.82485)",WHITESTONE EXPRESSWAY,Unspecified,Unspecified,Following Too Closely,Unspecified,Unspecified,Unspecified,Unspecified,4486537,Station Wagon/Sport Utility Vehicle,Sedan,Sedan,Unspecified,Unspecified,NY,Sedan,HOND -CAR/SUV,Unspecified,2006,South,F,Licensed,NY,Going Straight Ahead,Center Front End,Center Front End,Left Front Bumper,Right Front Bumper,Unspecified,N,Unspecified,535655b6-9366-4103-a26a-18c409a9e89b,Occupant,Unspecified,Unspecified,Unspecified,Unspecified,Unspecified,Unspecified,Unspecified,Unspecified,Unspecified,Registrant,F
12/11/21,4:45,MANHATTAN,10001,40.748917,-73.993546,"(40.748917, -73.993546)",Unspecified,Unspecified,232       WEST 30 STREET,Following Too Closely,Unspecified,Unspecified,Unspecified,Unspecified,4486905,Station Wagon/Sport Utility Vehicle,Unspecified,Unspecified,Unspecified,Unspecified,Unspecified,Unspecified,Unspecified,Unspecified,0,Unspecified,Unspecified,Unspecified,Unspecified,Unspecified,Unspecified,Unspecified,Unspecified,Unspecified,Unspecified,Unspecified,Unspecified,aeccc9df-459f-40b2-8d49-50bd184b962c,Occupant,Unspecified,Unspecified,Unspecified,Unspecified,Unspecified,Unspecified,Unspecified,Unspecified,Unspecified,Registrant,M
12/14/21,5:46,Unspecified,Unspecified,40.744644,-73.77041,"(40.744644, -73.77041)",LONG ISLAND EXPRESSWAY,Unspecified,Unspecified,Other Vehicular,Other Vehicular,Unspecified,Unspecified,Unspecified,4487122,Station Wagon/Sport Utility Vehicle,Station Wagon/Sport Utility Vehicle,Unspecified,Unspecified,Unspecified,NY,Station Wagon/Sport Utility Vehicle,LEXS -CAR/SUV,Unspecified,2008,East,M,Licensed,NY,Going Straight Ahead,Right Rear Bumper,Right Rear Bumper,Center Back End,Left Rear Bumper,No Damage,N,Unspecified,01cd8ded-5d98-4cdb-afb6-992e53ebf166,Occupant,Injured,Not Ejected,Conscious,Back,Driver,Lap Belt,Unspecified,Unspecified,Complaint of Pain or Nausea,Driver,M
12/13/21,6:30,QUEENS,11372,40.75373,-73.88505,"(40.75373, -73.88505)",82 STREET,34 AVENUE,Unspecified,Unspecified,Unspecified,Unspecified,Unspecified,Unspecified,4486967,Sedan,Unspecified,Unspecified,Unspecified,Unspecified,Unspecified,Unspecified,Unspecified,Unspecified,0,Unspecified,Unspecified,Unspecified,Unspecified,Unspecified,Unspecified,Unspecified,Unspecified,Unspecified,Unspecified,Unspecified,Unspecified,343e7ce6-f45b-4612-8fe0-1f52860f76a8,Occupant,Unspecified,Unspecified,Unspecified,Unspecified,Unspecified,Unspecified,Unspecified,Unspecified,Unspecified,Registrant,F
12/14/21,3:43,Unspecified,Unspecified,40.804375,-73.93742,"(40.804375, -73.93742)",LEXINGTON AVENUE,Unspecified,Unspecified,Unspecified,Unspecified,Unspecified,Unspecified,Unspecified,4486304,Station Wagon/Sport Utility Vehicle,Unspecified,Unspecified,Unspecified,Unspecified,NY,Station Wagon/Sport Utility Vehicle,NISS -CAR/SUV,Unspecified,2018,South,M,Licensed,NY,Going Straight Ahead,Center Front End,Center Front End,Right Front Bumper,Left Front Bumper,Unspecified,N,Unspecified,7fe95d36-7dba-4466-be7e-cd2bf6323a9f,Occupant,Unspecified,Unspecified,Unspecified,Unspecified,Unspecified,Unspecified,Unspecified,Unspecified,Unspecified,Witness,Unspecified
12/13/21,17:40,STATEN ISLAND,10301,40.63165,-74.08762,"(40.63165, -74.08762)",VICTORY BOULEVARD,WOODSTOCK AVENUE,Unspecified,Unspecified,Unspecified,Unspecified,Unspecified,Unspecified,4487001,Sedan,Sedan,Unspecified,Unspecified,Unspecified,NY,Sedan,HOND -CAR/SUV,Unspecified,2005,North,F,Licensed,NY,Making Left Turn,Left Front Bumper,Left Front Bumper,Center Front End,Right Front Bumper,Left Front Quarter Panel,N,Unspecified,4b4c6edf-bb26-4751-a53a-78d10261d83b,Occupant,Unspecified,Unspecified,Unspecified,Unspecified,Unspecified,Unspecified,Unspecified,Unspecified,Unspecified,Registrant,U
12/14/21,17:31,BROOKLYN,11230,40.623104,-73.95809,"(40.623104, -73.95809)",EAST 18 STREET,AVENUE K,Unspecified,Unspecified,Unspecified,Unspecified,Unspecified,Unspecified,4486516,Sedan,Unspecified,Unspecified,Unspecified,Unspecified,NY,Sedan,TOYT -CAR/SUV,Unspecified,2014,West,M,Licensed,NY,Going Straight Ahead,No Damage,No Damage,No Damage,No Damage,No Damage,Unspecified,Unspecified,024a9cb7-2d2e-4bf6-80ee-fd4cb03cb51f,Occupant,Unspecified,Unspecified,Unspecified,Unspecified,Unspecified,Unspecified,Unspecified,Unspecified,Unspecified,Registrant,M
12/14/21,20:13,BROOKLYN,11215,40.66576,-73.9845,"(40.66576, -73.9845)",Unspecified,Unspecified,366       12 STREET,Passing Too Closely,Unspecified,Unspecified,Unspecified,Unspecified,4486605,Sedan,Unspecified,Unspecified,Unspecified,Unspecified,Unspecified,Unspecified,Unspecified,Unspecified,0,East,Unspecified,Unspecified,Unspecified,Going Straight Ahead,Right Side Doors,No Damage,No Damage,No Damage,No Damage,Unspecified,Unspecified,9ed36719-6da3-4e23-b874-3fbb86ec61f4,Occupant,Unspecified,Unspecified,Unspecified,Unspecified,Unspecified,Unspecified,Unspecified,Unspecified,Unspecified,Registrant,M
12/14/21,12:54,BROOKLYN,11217,40.687534,-73.9775,"(40.687534, -73.9775)",FULTON STREET,SAINT FELIX STREET,Unspecified,Unspecified,Unspecified,Unspecified,Unspecified,Unspecified,4487052,Sedan,Bike,Unspecified,Unspecified,Unspecified,Unspecified,Bike,Unspecified,Unspecified,0,East,M,Unspecified,Unspecified,Going Straight Ahead,Right Front Bumper,No Damage,No Damage,No Damage,No Damage,Unspecified,Unspecified,01df421f-ed05-4a90-a3fd-50e3e6c8a93f,Bicyclist,Injured,Ejected,Unknown,Elbow-Lower-Arm-Hand,Driver,Unspecified,Unspecified,Unspecified,Abrasion,Driver,M
12/14/21,17:15,BROOKLYN,11211,40.710957,-73.951126,"(40.710957, -73.951126)",GRAND STREET,UNION AVENUE,Unspecified,Passing or Lane Usage Improper,Unspecified,Unspecified,Unspecified,Unspecified,4486556,Bus,Station Wagon/Sport Utility Vehicle,Unspecified,Unspecified,Unspecified,Unspecified,Station Wagon/Sport Utility Vehicle,Unspecified,Unspecified,0,West,Unspecified,Unspecified,Unspecified,Going Straight Ahead,Other,Other,Unspecified,Unspecified,Unspecified,N,Unspecified,15133307-8e48-46d8-a819-5605c8448a7f,Occupant,Unspecified,Unspecified,Unspecified,Unspecified,Unspecified,Unspecified,Unspecified,Unspecified,Unspecified,Registrant,U
12/14/21,22:49,BRONX,10455,40.81813,-73.910126,"(40.81813, -73.910126)",Unspecified,Unspecified,713       EAGLE AVENUE,Driver Inattention/Distraction,Unspecified,Unspecified,Unspecified,Unspecified,4486875,Taxi,Unspecified,Unspecified,Unspecified,Unspecified,Unspecified,Unspecified,Unspecified,Unspecified,0,South,Unspecified,Unspecified,Unspecified,Going Straight Ahead,Right Front Bumper,Right Front Bumper,Unspecified,Unspecified,Unspecified,Unspecified,Unspecified,59d57832-3859-4dc3-91fb-5c702f26babb,Occupant,Unspecified,Not Ejected,Does Not Apply,Does Not Apply,"Middle rear seat, or passenger lying across a seat",Lap Belt,Unspecified,Unspecified,Does Not Apply,Passenger,F
12/12/21,9:00,QUEENS,11385,40.70447,-73.90148,"(40.70447, -73.90148)",Unspecified,Unspecified,59-14     67 AVENUE,Passing Too Closely,Unspecified,Unspecified,Unspecified,Unspecified,4486933,Station Wagon/Sport Utility Vehicle,Unspecified,Unspecified,Unspecified,Unspecified,Unspecified,Unspecified,Unspecified,Unspecified,0,East,Unspecified,Unspecified,Unspecified,Going Straight Ahead,Right Front Bumper,No Damage,Unspecified,Unspecified,Unspecified,Unspecified,Unspecified,73b323f5-dac4-4157-b692-9e6df577b829,Occupant,Unspecified,Unspecified,Unspecified,Unspecified,Unspecified,Unspecified,Unspecified,Unspecified,Unspecified,Registrant,M
12/14/21,16:25,Unspecified,Unspecified,40.784615,-73.953964,"(40.784615, -73.953964)",EAST 93 STREET,Unspecified,Unspecified,Driver Inattention/Distraction,Driver Inattention/Distraction,Unspecified,Unspecified,Unspecified,4486581,Van,Bike,Unspecified,Unspecified,Unspecified,NY,Van,FORD,Unspecified,2007,West,M,Licensed,NY,Going Straight Ahead,Center Front End,Center Front End,Unspecified,Unspecified,Unspecified,N,Unspecified,50a111bd-8cee-4a48-9b9f-5768ac7603e1,Occupant,Unspecified,Not Ejected,Does Not Apply,Does Not Apply,"Front passenger, if two or more persons, including the driver, are in the front seat",Lap Belt & Harness,Unspecified,Unspecified,Does Not Apply,Passenger,M
4/14/21,14:30,Unspecified,Unspecified,0,0,Unspecified,EASTCHESTER ROAD,PELHAM PARKWAY NORTH,Unspecified,Driver Inattention/Distraction,Unspecified,Unspecified,Unspecified,Unspecified,4407520,Bus,Unspecified,Unspecified,Unspecified,Unspecified,NY,Bus,TR/TE,Unspecified,2018,South,F,Licensed,NY,Going Straight Ahead,Center Back End,Center Back End,No Damage,No Damage,No Damage,N,Unspecified,bff363c0-1da0-44fc-9b62-dade1debf845,Occupant,Unspecified,Unspecified,Unspecified,Unspecified,Unspecified,Unspecified,Unspecified,Unspecified,Unspecified,Registrant,M
12/16/21,6:59,Unspecified,Unspecified,0,0,Unspecified,KINGSLAND AVENUE,MEEKER AVENUE,Unspecified,Traffic Control Disregarded,Unspecified,Unspecified,Unspecified,Unspecified,4486960,Unspecified,Unspecified,Unspecified,Unspecified,Unspecified,Unspecified,Unspecified,Unspecified,Unspecified,0,Unknown,Unspecified,Unspecified,Unspecified,Making Left Turn,No Damage,No Damage,No Damage,No Damage,Unspecified,Unspecified,Unspecified,131ee4ed-475a-4eea-acd9-5d134f69d3ab,Pedestrian,Injured,Unspecified,Unknown,Face,Unspecified,Unspecified,Pedestrian/Bicyclist/Other Pedestrian at Intersection,Crossing With Signal,Complaint of Pain or Nausea,Pedestrian,F
6/29/22,16:00,Unspecified,Unspecified,0,0,Unspecified,WILLIAMSBURG BRIDGE OUTER ROADWA,Unspecified,Unspecified,Driver Inattention/Distraction,Unspecified,Unspecified,Unspecified,Unspecified,4542336,Motorscooter,Station Wagon/Sport Utility Vehicle,Unspecified,Unspecified,Unspecified,NY,Motorscooter,GENUI,Unspecified,2021,West,M,Licensed,NY,Stopped in Traffic,No Damage,No Damage,No Damage,No Damage,No Damage,N,Unspecified,da2b7ca8-7822-41ff-acd8-15648f80583a,Occupant,Unspecified,Unspecified,Unspecified,Unspecified,Unspecified,Unspecified,Unspecified,Unspecified,Unspecified,Registrant,M
4/15/21,16:15,Unspecified,Unspecified,0,0,Unspecified,HUTCHINSON RIVER PARKWAY,Unspecified,Unspecified,Pavement Slippery,Unspecified,Unspecified,Unspecified,Unspecified,4407665,Station Wagon/Sport Utility Vehicle,Unspecified,Unspecified,Unspecified,Unspecified,CT,Station Wagon/Sport Utility Vehicle,JEEP -CAR/SUV,Unspecified,2011,South,F,Licensed,CT,Going Straight Ahead,Left Front Bumper,Left Front Bumper,Right Front Bumper,Center Front End,Left Rear Bumper,N,Unspecified,8ce8a9c2-0654-4715-a5a2-f33f25e454b8,Occupant,Unspecified,Not Ejected,Does Not Apply,Does Not Apply,Driver,Air Bag Deployed/Lap Belt/Harness,Unspecified,Unspecified,Does Not Apply,Driver,F
7/7/21,11:42,Unspecified,Unspecified,0,0,Unspecified,THROGS NECK BRIDGE,Unspecified,Unspecified,Unsafe Lane Changing,Unspecified,Unspecified,Unspecified,Unspecified,4456591,Sedan,Sedan,Unspecified,Unspecified,Unspecified,NY,Sedan,Unspecified,Unspecified,2021,North,F,Licensed,NY,Changing Lanes,Left Rear Bumper,Left Rear Bumper,Left Rear Quarter Panel,Unspecified,Unspecified,N,Unspecified,61d8b33e-1c0d-469b-8e58-ebc765d074ce,Occupant,Injured,Not Ejected,Unknown,Unknown,Driver,Unknown,Unspecified,Unspecified,Unknown,Driver,F
7/12/22,17:50,BROOKLYN,11225,40.663303,-73.96049,"(40.663303, -73.96049)",Unspecified,Unspecified,44        EMPIRE BOULEVARD,Oversized Vehicle,Unspecified,Unspecified,Unspecified,Unspecified,4545699,Sedan,Unspecified,Unspecified,Unspecified,Unspecified,FL,Sedan,TOYT -CAR/SUV,Unspecified,2019,East,F,Licensed,NY,Stopped in Traffic,Right Rear Quarter Panel,Right Rear Quarter Panel,Right Rear Bumper,Center Back End,Unspecified,N,Unspecified,b2b67e53-7edd-41d4-a625-6135771c4c8b,Occupant,Unspecified,Unspecified,Unspecified,Unspecified,Unspecified,Unspecified,Unspecified,Unspecified,Unspecified,Registrant,Unspecified
3/23/22,10:00,Unspecified,Unspecified,0,0,Unspecified,Unspecified,Unspecified,71        EAST DRIVE,Pedestrian/Bicyclist/Other Pedestrian Error/Confusion,Unspecified,Unspecified,Unspecified,Unspecified,4512922,Bike,Unspecified,Unspecified,Unspecified,Unspecified,Unspecified,Bike,Unspecified,Unspecified,0,East,F,Unlicensed,ZZZ,Going Straight Ahead,Center Front End,No Damage,No Damage,Unspecified,Unspecified,N,Unspecified,3ba9bde1-5f80-4796-a1e4-5968add37a4b,Pedestrian,Unspecified,Unspecified,Does Not Apply,Does Not Apply,Unspecified,Unspecified,Pedestrian/Bicyclist/Other Pedestrian at Intersection,Riding/Walking Along Highway With Traffic,Does Not Apply,Pedestrian,F
7/9/21,0:43,Unspecified,Unspecified,40.720535,-73.88885,"(40.720535, -73.88885)",ELIOT AVENUE,Unspecified,Unspecified,Unspecified,Unspecified,Unspecified,Unspecified,Unspecified,4456659,Bus,Unspecified,Unspecified,Unspecified,Unspecified,NY,Bus,NEW FLYER,Unspecified,2011,East,M,Licensed,NY,Going Straight Ahead,Left Front Bumper,No Damage,Unspecified,Unspecified,Unspecified,N,Unspecified,a597966a-52df-4961-83fc-2e5373ee55f8,Occupant,Unspecified,Unspecified,Unspecified,Unspecified,Unspecified,Unspecified,Unspecified,Unspecified,Unspecified,Registrant,Unspecified
4/24/22,16:45,Unspecified,Unspecified,40.607685,-74.13892,"(40.607685, -74.13892)",STATEN ISLAND EXPRESSWAY,Unspecified,Unspecified,Driver Inattention/Distraction,Unspecified,Unspecified,Unspecified,Unspecified,4521660,Station Wagon/Sport Utility Vehicle,Station Wagon/Sport Utility Vehicle,Unspecified,Unspecified,Unspecified,NJ,Station Wagon/Sport Utility Vehicle,GMC -CAR/SUV,Unspecified,2004,East,M,Licensed,NY,Merging,Right Front Quarter Panel,Right Front Quarter Panel,Right Side Doors,Right Rear Quarter Panel,Unspecified,N,Unspecified,b4c8c985-8633-4dd6-bd49-c26a67d53b66,Occupant,Unspecified,Unspecified,Unspecified,Unspecified,Unspecified,Unspecified,Unspecified,Unspecified,Unspecified,Registrant,M
4/24/22,4:49,Unspecified,Unspecified,40.855972,-73.869896,"(40.855972, -73.869896)",BOSTON ROAD,BRONX PARK EAST,Unspecified,Unspecified,Unspecified,Unspecified,Unspecified,Unspecified,4521759,Station Wagon/Sport Utility Vehicle,Sedan,Unspecified,Unspecified,Unspecified,NY,Station Wagon/Sport Utility Vehicle,TOYT -CAR/SUV,Unspecified,2018,East,F,Licensed,NY,Going Straight Ahead,Center Back End,Left Rear Bumper,Unspecified,Unspecified,Unspecified,N,Unspecified,7149ed59-1343-4988-a3cd-872230ea29c3,Occupant,Unspecified,Unspecified,Unspecified,Unspecified,Unspecified,Unspecified,Unspecified,Unspecified,Unspecified,Registrant,F
4/22/22,17:17,Unspecified,Unspecified,40.790276,-73.9396,"(40.790276, -73.9396)",EAST 107 STREET,Unspecified,Unspecified,Traffic Control Disregarded,Unspecified,Unspecified,Unspecified,Unspecified,4522226,E-Bike,Unspecified,Unspecified,Unspecified,Unspecified,Unspecified,E-Bike,Unspecified,Unspecified,0,North,Unspecified,Unspecified,Unspecified,Going Straight Ahead,Center Front End,Center Front End,Unspecified,Unspecified,Unspecified,Unspecified,Unspecified,4d74aee6-2e2b-4462-a1e3-a68640cf9072,Pedestrian,Injured,Unspecified,Shock,Knee-Lower Leg Foot,Unspecified,Unspecified,Pedestrian/Bicyclist/Other Pedestrian at Intersection,Crossing With Signal,Crush Injuries,Pedestrian,F
4/24/22,1:30,BROOKLYN,11220,40.642986,-74.01621,"(40.642986, -74.01621)",Unspecified,Unspecified,5610      4 AVENUE,Unspecified,Unspecified,Unspecified,Unspecified,Unspecified,4522015,Station Wagon/Sport Utility Vehicle,Unspecified,Unspecified,Unspecified,Unspecified,NY,Station Wagon/Sport Utility Vehicle,MAZD -CAR/SUV,Unspecified,2013,South,Unspecified,Unspecified,Unspecified,Parked,Left Side Doors,Left Side Doors,Left Front Quarter Panel,Unspecified,Unspecified,N,Unspecified,765b2040-c016-4948-a54d-42974ca0b5c4,Occupant,Unspecified,Unspecified,Unspecified,Unspecified,Unspecified,Unspecified,Unspecified,Unspecified,Unspecified,Registrant,M
4/24/22,6:00,QUEENS,11411,0,0,"(0.0, 0.0)",Unspecified,Unspecified,116-44    234 STREET,Unsafe Lane Changing,Unspecified,Unspecified,Unspecified,Unspecified,4521460,Sedan,Station Wagon/Sport Utility Vehicle,Unspecified,Unspecified,Unspecified,NY,Station Wagon/Sport Utility Vehicle,TOYT -CAR/SUV,Unspecified,2014,South,Unspecified,Unspecified,Unspecified,Parked,Left Rear Quarter Panel,Left Rear Quarter Panel,Left Side Doors,Left Front Quarter Panel,Left Front Bumper,N,Unspecified,e1308828-39d5-4fea-b313-76bb60076e87,Occupant,Unspecified,Unspecified,Unspecified,Unspecified,Unspecified,Unspecified,Unspecified,Unspecified,Unspecified,Registrant,M
4/24/22,21:40,BRONX,10452,40.843906,-73.92413,"(40.843906, -73.92413)",BOSCOBEL PLACE,UNIVERSITY AVENUE,Unspecified,Alcohol Involvement,Unspecified,Unspecified,Unspecified,Unspecified,4522156,Taxi,Station Wagon/Sport Utility Vehicle,Unspecified,Unspecified,Unspecified,NY,Taxi,HOND -CAR/SUV,Unspecified,2018,East,M,Licensed,NY,Going Straight Ahead,Right Rear Bumper,Right Rear Bumper,Center Back End,Unspecified,Unspecified,N,Unspecified,a17a62c4-c4bd-40dc-bab0-629e2ec42c52,Occupant,Unspecified,Not Ejected,Does Not Apply,Does Not Apply,Driver,Lap Belt,Unspecified,Unspecified,Does Not Apply,Driver,M
4/24/22,17:45,BRONX,10466,40.89481,-73.86183,"(40.89481, -73.86183)",BRONX RIVER PARKWAY,EAST 233 STREET,Unspecified,Driver Inattention/Distraction,Unspecified,Unspecified,Unspecified,Unspecified,4521633,Sedan,Unspecified,Unspecified,Unspecified,Unspecified,Unspecified,Unspecified,Unspecified,Unspecified,0,North,Unspecified,Unspecified,Unspecified,Going Straight Ahead,Unspecified,Unspecified,Unspecified,Unspecified,Unspecified,Unspecified,Unspecified,73eb4926-60f9-4af2-928a-e754e2e0f31c,Occupant,Unspecified,Not Ejected,Does Not Apply,Does Not Apply,Driver,Lap Belt & Harness,Unspecified,Unspecified,Does Not Apply,Driver,M
4/15/22,6:11,Unspecified,Unspecified,0,0,"(0.0, 0.0)",EAST 162 STREET,Unspecified,Unspecified,Driver Inattention/Distraction,Unspecified,Unspecified,Unspecified,Unspecified,4522124,Station Wagon/Sport Utility Vehicle,E-Scooter,Unspecified,Unspecified,Unspecified,Unspecified,E-Scooter,Unspecified,Unspecified,0,North,M,Licensed,NY,Going Straight Ahead,Center Front End,Center Front End,Unspecified,Unspecified,Unspecified,N,Unspecified,d4e3cd91-f68e-4ecf-93bc-9a659f64375d,Occupant,Unspecified,Unspecified,Unspecified,Unspecified,Unspecified,Unspecified,Unspecified,Unspecified,Unspecified,Registrant,M
4/24/22,9:51,Unspecified,Unspecified,40.85169,-73.95238,"(40.85169, -73.95238)",CROSS BRONX EXPY,Unspecified,Unspecified,Unspecified,Unspecified,Unspecified,Unspecified,Unspecified,4521937,Sedan,Unspecified,Unspecified,Unspecified,Unspecified,NY,Unspecified,DODG -CAR/SUV,Unspecified,2021,West,Unspecified,Unspecified,Unspecified,Changing Lanes,Unspecified,Unspecified,Unspecified,Unspecified,Unspecified,N,Unspecified,5519fac6-6bb8-4f3c-a651-39c8a0dc3ce5,Occupant,Unspecified,Not Ejected,Does Not Apply,Does Not Apply,Right rear passenger or motorcycle sidecar passenger,Lap Belt,Unspecified,Unspecified,Does Not Apply,Passenger,F
4/24/22,0:00,BRONX,10453,40.861862,-73.91275,"(40.861862, -73.91275)",MAJOR DEEGAN EXPRESSWAY,WEST FORDHAM ROAD,Unspecified,Driver Inattention/Distraction,Unspecified,Unspecified,Unspecified,Unspecified,4521801,Sedan,Unspecified,Unspecified,Unspecified,Unspecified,NY,Sedan,HOND -CAR/SUV,Unspecified,2017,South,M,Licensed,NY,Going Straight Ahead,Left Front Bumper,Left Front Bumper,Unspecified,Unspecified,Unspecified,N,Unspecified,6a14859e-e749-4362-b30e-61b28714ca07,Occupant,Unspecified,Not Ejected,Does Not Apply,Does Not Apply,"Front passenger, if two or more persons, including the driver, are in the front seat",Lap Belt & Harness,Unspecified,Unspecified,Does Not Apply,Passenger,F
3/8/22,20:00,BROOKLYN,11207,40.666256,-73.900215,"(40.666256, -73.900215)",Unspecified,Unspecified,360       SNEDIKER AVENUE,Unspecified,Unspecified,Unspecified,Unspecified,Unspecified,4522285,Sedan,Unspecified,Unspecified,Unspecified,Unspecified,Unspecified,Unspecified,Unspecified,Unspecified,0,North,Unspecified,Unspecified,Unspecified,Unspecified,Right Front Bumper,Right Front Bumper,Unspecified,Unspecified,Unspecified,Unspecified,Unspecified,538e06a4-f199-4d43-a3b6-9dd90488f0af,Occupant,Unspecified,Not Ejected,Does Not Apply,Does Not Apply,Unknown,Unspecified,Unspecified,Unspecified,Does Not Apply,Driver,M
4/24/22,15:35,MANHATTAN,10019,40.767242,-73.986206,"(40.767242, -73.986206)",WEST 56 STREET,9 AVENUE,Unspecified,View Obstructed/Limited,Unspecified,Unspecified,Unspecified,Unspecified,4521853,Station Wagon/Sport Utility Vehicle,Bike,Unspecified,Unspecified,Unspecified,Unspecified,Bike,Unspecified,Unspecified,0,South,F,Unlicensed,Unspecified,Going Straight Ahead,Center Front End,Center Front End,No Damage,No Damage,No Damage,N,Unspecified,7885a129-a33a-4650-af70-92f78a882905,Bicyclist,Injured,Not Ejected,Conscious,Knee-Lower Leg Foot,Driver,Other,Unspecified,Unspecified,None Visible,Driver,F
4/22/22,12:00,BROOKLYN,11230,40.62417,-73.97048,"(40.62417, -73.97048)",AVENUE J,OCEAN PARKWAY,Unspecified,Unspecified,Unspecified,Unspecified,Unspecified,Unspecified,4522228,Sedan,Pick-up Truck,Unspecified,Unspecified,Unspecified,NY,Sedan,HOND -CAR/SUV,Unspecified,2015,East,M,Licensed,NY,Going Straight Ahead,Left Front Bumper,Left Front Bumper,Left Front Bumper,Unspecified,Unspecified,N,Unspecified,dd7ca441-ca81-4f1c-ae81-8db3b697d521,Occupant,Unspecified,Not Ejected,Does Not Apply,Does Not Apply,Driver,Lap Belt,Unspecified,Unspecified,Does Not Apply,Driver,M
4/24/22,13:10,Unspecified,Unspecified,40.679955,-73.97491,"(40.679955, -73.97491)",SAINT MARKS AVENUE,6 AVENUE,Unspecified,Turning Improperly,Unspecified,Unspecified,Unspecified,Unspecified,4521702,Station Wagon/Sport Utility Vehicle,Unspecified,Unspecified,Unspecified,Unspecified,NJ,Unspecified,Unspecified,Unspecified,0,West,Unspecified,Unspecified,Unspecified,Making Left Turn,Left Side Doors,No Damage,Unspecified,Unspecified,Unspecified,N,Unspecified,067779b8-9dcf-4682-a304-0a1291e799f1,Occupant,Unspecified,Unspecified,Unspecified,Unspecified,Unspecified,Unspecified,Unspecified,Unspecified,Unspecified,Registrant,M
4/24/22,4:20,BROOKLYN,11221,40.692356,-73.94282,"(40.692356, -73.94282)",THROOP AVENUE,DE KALB AVENUE,Unspecified,Traffic Control Disregarded,Unspecified,Unspecified,Unspecified,Unspecified,4522167,Station Wagon/Sport Utility Vehicle,Station Wagon/Sport Utility Vehicle,Unspecified,Unspecified,Unspecified,NY,Station Wagon/Sport Utility Vehicle,DODG -CAR/SUV,Unspecified,2010,West,M,Licensed,NY,Going Straight Ahead,Left Front Quarter Panel,Left Front Quarter Panel,Left Side Doors,Left Rear Quarter Panel,Unspecified,N,Unspecified,7b792cb5-2a84-4289-bc5c-9e03aa3f3442,Occupant,Unspecified,Unspecified,Unspecified,Unspecified,Unspecified,Unspecified,Unspecified,Unspecified,Unspecified,Registrant,M
4/20/22,19:37,Unspecified,Unspecified,40.78291,-73.98578,"(40.78291, -73.98578)",HENRY HUDSON PARKWAY,Unspecified,Unspecified,Driver Inexperience,Unspecified,Unspecified,Unspecified,Unspecified,4522196,Sedan,Station Wagon/Sport Utility Vehicle,Unspecified,Unspecified,Unspecified,NY,Sedan,NISS -CAR/SUV,Unspecified,2017,North,M,Licensed,NY,Going Straight Ahead,Center Back End,Center Back End,Right Rear Bumper,Left Rear Bumper,Left Rear Quarter Panel,Unspecified,Unspecified,1c69952a-ccd5-4276-941a-96c1616d33f4,Occupant,Unspecified,Not Ejected,Does Not Apply,Does Not Apply,Driver,Lap Belt & Harness,Unspecified,Unspecified,Does Not Apply,Driver,F
4/24/22,16:14,Unspecified,Unspecified,40.67308,-73.91124,"(40.67308, -73.91124)",ROCKAWAY AVENUE,Unspecified,Unspecified,Unspecified,Unspecified,Unspecified,Unspecified,Unspecified,4521758,Sedan,Sedan,Unspecified,Unspecified,Unspecified,PA,Sedan,HOND -CAR/SUV,Unspecified,2017,South,M,Licensed,PA,Going Straight Ahead,Center Back End,Center Back End,Unspecified,Unspecified,Unspecified,N,Unspecified,5c02b762-8e41-4f71-8e20-350fb3e6a4ce,Occupant,Unspecified,Not Ejected,Does Not Apply,Does Not Apply,Driver,Lap Belt & Harness,Unspecified,Unspecified,Does Not Apply,Driver,M
4/12/22,19:56,BROOKLYN,11203,40.65011,-73.930214,"(40.65011, -73.930214)",UTICA AVENUE,SNYDER AVENUE,Unspecified,Failure to Yield Right-of-Way,Unspecified,Unspecified,Unspecified,Unspecified,4522136,Station Wagon/Sport Utility Vehicle,Unspecified,Unspecified,Unspecified,Unspecified,Unspecified,Station Wagon/Sport Utility Vehicle,Unspecified,Unspecified,0,South,Unspecified,Unspecified,Unspecified,Going Straight Ahead,Center Front End,Center Front End,Unspecified,Unspecified,Unspecified,N,Unspecified,75b0e994-1465-4e52-a0d6-1d512ff3d593,Occupant,Unspecified,Unspecified,Unspecified,Unspecified,Unspecified,Unspecified,Unspecified,Unspecified,Unspecified,Witness,Unspecified
4/24/22,0:30,Unspecified,Unspecified,40.638382,-74.03668,"(40.638382, -74.03668)",BELT PARKWAY,Unspecified,Unspecified,Driver Inattention/Distraction,Unspecified,Unspecified,Unspecified,Unspecified,4521469,Sedan,Sedan,Station Wagon/Sport Utility Vehicle,Station Wagon/Sport Utility Vehicle,Unspecified,NY,Station Wagon/Sport Utility Vehicle,TOYT -CAR/SUV,Unspecified,2000,West,M,Licensed,NY,Going Straight Ahead,Left Front Bumper,Left Side Doors,Unspecified,Unspecified,Unspecified,N,Unspecified,9a94f9e7-b5eb-45bf-9d89-598e7c2a7719,Occupant,Unspecified,Unspecified,Unspecified,Unspecified,Unspecified,Unspecified,Unspecified,Unspecified,Unspecified,Registrant,M
4/24/22,20:13,QUEENS,11419,40.69261,-73.81143,"(40.69261, -73.81143)",Unspecified,Unspecified,102-24    VANWYCK EXPRESSWAY,Aggressive Driving/Road Rage,Unspecified,Unspecified,Unspecified,Unspecified,4521859,Sedan,Unspecified,Unspecified,Unspecified,Unspecified,Unspecified,Unspecified,Unspecified,Unspecified,0,Unspecified,Unspecified,Unspecified,Unspecified,Unspecified,Unspecified,Unspecified,Unspecified,Unspecified,Unspecified,Unspecified,FENCE,f05b4c9e-fcf0-4eca-9c0d-cde09ada9444,Occupant,Unspecified,Unspecified,Unspecified,Unspecified,Unspecified,Unspecified,Unspecified,Unspecified,Unspecified,Owner,Unspecified
4/24/22,15:21,QUEENS,11101,40.745235,-73.937706,"(40.745235, -73.937706)",THOMSON AVENUE,SKILLMAN AVENUE,Unspecified,Driver Inattention/Distraction,Driver Inattention/Distraction,Unspecified,Unspecified,Unspecified,4521590,Sedan,Sedan,Unspecified,Unspecified,Unspecified,NJ,Sedan,HOND -CAR/SUV,Unspecified,2006,West,M,Licensed,NY,Going Straight Ahead,Center Front End,Center Front End,Unspecified,Unspecified,Unspecified,N,Unspecified,cd0716c4-2011-40d8-8497-5e481035e537,Occupant,Unspecified,Unspecified,Unspecified,Unspecified,Unspecified,Unspecified,Unspecified,Unspecified,Unspecified,Registrant,M
4/24/22,10:27,Unspecified,Unspecified,0,0,Unspecified,VANWYCK EXPRESSWAY,109 AVENUE,Unspecified,Traffic Control Disregarded,Traffic Control Disregarded,Unspecified,Unspecified,Unspecified,4521902,Sedan,Station Wagon/Sport Utility Vehicle,Unspecified,Unspecified,Unspecified,NY,Station Wagon/Sport Utility Vehicle,CADI -CAR/SUV,Unspecified,2021,North,M,Licensed,NY,Going Straight Ahead,Left Front Quarter Panel,Left Front Quarter Panel,Left Side Doors,Left Rear Quarter Panel,Left Front Bumper,N,Unspecified,8167ff15-aed6-4b3f-a4b8-c27df7ba8805,Occupant,Injured,Not Ejected,Conscious,Chest,Driver,Lap Belt & Harness,Unspecified,Unspecified,Complaint of Pain or Nausea,Driver,F
4/24/22,21:00,QUEENS,11106,40.758705,-73.93793,"(40.758705, -73.93793)",21 STREET,37 AVENUE,Unspecified,Driver Inattention/Distraction,Unspecified,Unspecified,Unspecified,Unspecified,4521684,Sedan,Sedan,Unspecified,Unspecified,Unspecified,NY,Sedan,HOND -CAR/SUV,Unspecified,1995,North,M,Licensed,NY,Stopped in Traffic,Center Back End,Center Back End,Unspecified,Unspecified,Unspecified,N,Unspecified,bc1478fd-4f0e-43f4-943a-3bca776ee499,Occupant,Unspecified,Unspecified,Unspecified,Unspecified,Unspecified,Unspecified,Unspecified,Unspecified,Unspecified,Registrant,M
4/24/22,21:40,QUEENS,11418,40.695156,-73.845406,"(40.695156, -73.845406)",JAMAICA AVENUE,102 STREET,Unspecified,Reaction to Uninvolved Vehicle,Unspecified,Unspecified,Unspecified,Unspecified,4521858,Ambulance,Station Wagon/Sport Utility Vehicle,Unspecified,Unspecified,Unspecified,NY,Station Wagon/Sport Utility Vehicle,CHEV -CAR/SUV,Unspecified,2015,West,F,Licensed,NY,Stopped in Traffic,Left Front Quarter Panel,Left Rear Quarter Panel,Unspecified,Unspecified,Unspecified,N,Unspecified,18f6027c-8d06-412d-ad86-d97aa912f322,Occupant,Unspecified,Not Ejected,Does Not Apply,Does Not Apply,Driver,Lap Belt & Harness,Unspecified,Unspecified,Does Not Apply,Driver,F
4/7/22,14:14,MANHATTAN,10017,40.748158,-73.97033,"(40.748158, -73.97033)",1 AVENUE,EAST 41 STREET,Unspecified,Driver Inattention/Distraction,Passing or Lane Usage Improper,Unspecified,Unspecified,Unspecified,4522242,Sedan,Station Wagon/Sport Utility Vehicle,Unspecified,Unspecified,Unspecified,NY,Sedan,TOYT -CAR/SUV,Unspecified,2016,North,M,Licensed,NY,Going Straight Ahead,Left Front Bumper,Center Front End,No Damage,No Damage,No Damage,N,Unspecified,a3c8a70a-0ed2-4a8f-ae8b-5b7f24c30b04,Occupant,Unspecified,Not Ejected,Does Not Apply,Does Not Apply,"Front passenger, if two or more persons, including the driver, are in the front seat",Unknown,Unspecified,Unspecified,Does Not Apply,Passenger,M
6/29/21,17:35,Unspecified,Unspecified,40.609535,-73.75372,"(40.609535, -73.75372)",BEACH CHANNEL DRIVE,Unspecified,Unspecified,Passing or Lane Usage Improper,Unspecified,Unspecified,Unspecified,Unspecified,4456672,Station Wagon/Sport Utility Vehicle,E-Bike,Unspecified,Unspecified,Unspecified,Unspecified,E-Bike,Unspecified,Unspecified,0,North,M,Licensed,NY,Going Straight Ahead,Left Front Bumper,Left Front Bumper,Unspecified,Unspecified,Unspecified,Unspecified,Unspecified,a5246a88-c903-490c-966e-fdf6be7726f5,Other Motorized,Unspecified,Not Ejected,Does Not Apply,Does Not Apply,Driver,Unspecified,Unspecified,Unspecified,Does Not Apply,Driver,M
12/9/21,20:20,BROOKLYN,11223,40.59207,-73.96299,"(40.59207, -73.96299)",EAST 7 STREET,CRAWFORD AVENUE,Unspecified,Driver Inattention/Distraction,Unspecified,Unspecified,Unspecified,Unspecified,4485150,Bike,Unspecified,Unspecified,Unspecified,Unspecified,Unspecified,Bike,Unspecified,Unspecified,0,East,M,Unspecified,Unspecified,Going Straight Ahead,Center Front End,Left Front Bumper,Right Front Bumper,Left Front Quarter Panel,Right Front Quarter Panel,Unspecified,Unspecified,d2e878e6-5ec5-4305-b3b3-1c8cb7a736c3,Bicyclist,Injured,Not Ejected,Conscious,Entire Body,Driver,Helmet/Other (In-Line Skater/Bicyclist),Unspecified,Unspecified,Complaint of Pain or Nausea,Driver,M
12/9/21,14:50,Unspecified,Unspecified,40.850018,-73.9107,"(40.850018, -73.9107)",WEST 177 STREET,Unspecified,Unspecified,Unspecified,Unspecified,Unspecified,Unspecified,Unspecified,4485116,Station Wagon/Sport Utility Vehicle,Sedan,Unspecified,Unspecified,Unspecified,NY,Station Wagon/Sport Utility Vehicle,TOYT -CAR/SUV,Unspecified,2003,East,M,Licensed,NY,Starting from Parking,Left Front Quarter Panel,Left Side Doors,Unspecified,Unspecified,Unspecified,N,Unspecified,c412e8bc-cc00-43e7-b59e-7b22c3d244e0,Occupant,Unspecified,Unspecified,Unspecified,Unspecified,Unspecified,Unspecified,Unspecified,Unspecified,Unspecified,Registrant,M
12/9/21,2:45,QUEENS,11422,40.653023,-73.73895,"(40.653023, -73.73895)",149 AVENUE,HUXLEY STREET,Unspecified,Alcohol Involvement,Unspecified,Unspecified,Unspecified,Unspecified,4485026,Sedan,Unspecified,Unspecified,Unspecified,Unspecified,Unspecified,Unspecified,Unspecified,Unspecified,0,Unspecified,Unspecified,Unspecified,Unspecified,Unspecified,Unspecified,Unspecified,Unspecified,Unspecified,Unspecified,Unspecified,CONCRETE WALL LOCATED IN FRONT OF 148-79 HUXLEY STREET,39c66151-1389-4a95-81bd-076c0535bbbb,Occupant,Injured,Not Ejected,Conscious,Abdomen - Pelvis,Driver,Lap Belt & Harness,Unspecified,Unspecified,Complaint of Pain or Nausea,Driver,M
12/6/21,22:16,Unspecified,Unspecified,40.62573,-73.9564,"(40.62573, -73.9564)",AVENUE J,Unspecified,Unspecified,Unsafe Speed,Unspecified,Unspecified,Unspecified,Unspecified,4485528,Sedan,Unspecified,Unspecified,Unspecified,Unspecified,NY,Sedan,TOYT -CAR/SUV,Unspecified,2020,West,M,Licensed,NY,Making Left Turn,Right Rear Bumper,Right Rear Bumper,Unspecified,Unspecified,Unspecified,N,Unspecified,3245cd02-0223-4e46-b719-b469a600e54b,Occupant,Unspecified,Not Ejected,Does Not Apply,Does Not Apply,"Left rear passenger, or rear passenger on a bicycle, motorcycle, snowmobile",Unknown,Unspecified,Unspecified,Does Not Apply,Passenger,M
12/4/21,12:00,BROOKLYN,11213,40.665375,-73.934235,"(40.665375, -73.934235)",CROWN STREET,SCHENECTADY AVENUE,Unspecified,Driver Inattention/Distraction,Driver Inattention/Distraction,Unspecified,Unspecified,Unspecified,4485333,Sedan,Ambulance,Unspecified,Unspecified,Unspecified,NY,Sedan,HOND -CAR/SUV,Unspecified,2017,South,F,Licensed,NY,Going Straight Ahead,Center Front End,Center Front End,Left Front Bumper,Right Front Bumper,No Damage,N,Unspecified,d5662e55-0888-4c0c-8a1b-578fb9e13f4d,Occupant,Unspecified,Unspecified,Unspecified,Unspecified,Unspecified,Unspecified,Unspecified,Unspecified,Unspecified,Registrant,F
12/8/21,16:20,MANHATTAN,10128,40.776237,-73.943825,"(40.776237, -73.943825)",EAST END AVENUE,EAST 88 STREET,Unspecified,Failure to Yield Right-of-Way,Unspecified,Unspecified,Unspecified,Unspecified,4485234,Taxi,Station Wagon/Sport Utility Vehicle,Unspecified,Unspecified,Unspecified,NY,Station Wagon/Sport Utility Vehicle,FORD -CAR/SUV,Unspecified,2017,South,M,Licensed,NY,Making Left Turn,Right Front Bumper,Right Front Bumper,Unspecified,Unspecified,Right Front Bumper,N,Unspecified,af1f11c2-7830-4bec-b3e3-e06467394179,Occupant,Unspecified,Unspecified,Unspecified,Unspecified,Unspecified,Unspecified,Unspecified,Unspecified,Unspecified,Registrant,Unspecified
12/9/21,23:15,BROOKLYN,11218,40.640835,-73.98967,"(40.640835, -73.98967)",12 AVENUE,41 STREET,Unspecified,Driver Inattention/Distraction,Driver Inattention/Distraction,Unspecified,Unspecified,Unspecified,4485355,Sedan,Bike,Unspecified,Unspecified,Unspecified,NY,Sedan,HOND -CAR/SUV,Unspecified,2008,West,M,Licensed,NY,Making Right Turn,Right Front Quarter Panel,Right Front Quarter Panel,Unspecified,Unspecified,Unspecified,N,Unspecified,7095bd6c-8cba-45c5-9550-c3a6a8dd7a13,Occupant,Unspecified,Not Ejected,Does Not Apply,Does Not Apply,Driver,Lap Belt,Unspecified,Unspecified,Does Not Apply,Driver,M
12/1/21,14:34,QUEENS,11692,40.593636,-73.797264,"(40.593636, -73.797264)",Unspecified,Unspecified,437       BEACH 68 STREET,Unsafe Speed,Unspecified,Unspecified,Unspecified,Unspecified,4485581,Sedan,Pick-up Truck,Unspecified,Unspecified,Unspecified,Unspecified,Pick-up Truck,Unspecified,Unspecified,0,North,Unspecified,Unspecified,Unspecified,Going Straight Ahead,Other,Other,Other,Other,Other,N,Unspecified,1682bf6c-ca34-434e-bb32-050bdc621515,Occupant,Unspecified,Unspecified,Unspecified,Unspecified,Unspecified,Unspecified,Unspecified,Unspecified,Unspecified,Registrant,F
12/10/21,7:00,QUEENS,11420,40.674263,-73.80453,"(40.674263, -73.80453)",Unspecified,Unspecified,122-42    134 STREET,Passing or Lane Usage Improper,Unspecified,Unspecified,Unspecified,Unspecified,4485866,Sedan,Unspecified,Unspecified,Unspecified,Unspecified,Unspecified,Unspecified,Unspecified,Unspecified,0,Unspecified,Unspecified,Unspecified,Unspecified,Going Straight Ahead,Unspecified,Unspecified,Unspecified,Unspecified,Unspecified,Unspecified,Unspecified,22ab4201-114e-4651-9683-02489d646e38,Occupant,Unspecified,Unspecified,Unspecified,Unspecified,Unspecified,Unspecified,Unspecified,Unspecified,Unspecified,Registrant,M
12/7/21,9:20,Unspecified,Unspecified,40.70476,-73.96491,"(40.70476, -73.96491)",TAYLOR STREET,Unspecified,Unspecified,Steering Failure,Unspecified,Unspecified,Unspecified,Unspecified,4485192,Station Wagon/Sport Utility Vehicle,Unspecified,Unspecified,Unspecified,Unspecified,Unspecified,Unspecified,Unspecified,Unspecified,0,Unspecified,Unspecified,Unspecified,Unspecified,Unspecified,Unspecified,Unspecified,Unspecified,Unspecified,Unspecified,Unspecified,FENCE AT LOCATION,c433a78a-f58a-4e0b-b1d7-e0829791861b,Occupant,Unspecified,Not Ejected,Does Not Apply,Does Not Apply,Driver,Lap Belt & Harness,Unspecified,Unspecified,Does Not Apply,Driver,M
12/9/21,8:00,Unspecified,Unspecified,40.569626,-74.190735,"(40.569626, -74.190735)",WEST SHORE EXPRESSWAY,Unspecified,Unspecified,Following Too Closely,Unspecified,Unspecified,Unspecified,Unspecified,4485214,Sedan,Station Wagon/Sport Utility Vehicle,Unspecified,Unspecified,Unspecified,NY,Station Wagon/Sport Utility Vehicle,JEEP -CAR/SUV,Unspecified,2021,North,F,Licensed,NY,Slowing or Stopping,Center Front End,Left Front Bumper,Center Front End,Right Front Bumper,Unspecified,N,Unspecified,d07f832f-1f14-49c2-b304-8002a382f2ff,Occupant,Unspecified,Unspecified,Unspecified,Unspecified,Unspecified,Unspecified,Unspecified,Unspecified,Unspecified,Registrant,M
12/7/21,17:08,BROOKLYN,11205,40.698463,-73.960205,"(40.698463, -73.960205)",FLUSHING AVENUE,KENT AVENUE,Unspecified,Following Too Closely,Unspecified,Unspecified,Unspecified,Unspecified,4485437,Unspecified,Unspecified,Unspecified,Unspecified,Unspecified,NY,Unspecified,Unspecified,Unspecified,2020,West,M,Licensed,NY,Going Straight Ahead,Center Back End,Center Back End,No Damage,No Damage,No Damage,N,Unspecified,77afdbe5-7d8a-48f6-b65e-118ce6fcd005,Occupant,Unspecified,Not Ejected,Does Not Apply,Does Not Apply,Driver,Lap Belt,Unspecified,Unspecified,Does Not Apply,Driver,M
12/5/21,8:20,BROOKLYN,11212,40.658413,-73.9171,"(40.658413, -73.9171)",Unspecified,Unspecified,393       ROCKAWAY PARKWAY,Unspecified,Unspecified,Unspecified,Unspecified,Unspecified,4485408,Sedan,Unspecified,Unspecified,Unspecified,Unspecified,NY,Sedan,HOND -CAR/SUV,Unspecified,2019,North,M,Licensed,NY,Parked,Left Front Quarter Panel,Left Front Quarter Panel,Left Front Quarter Panel,Left Front Quarter Panel,Left Front Quarter Panel,N,Unspecified,43976aba-35e8-4b46-a95a-94e88a680ba5,Occupant,Unspecified,Not Ejected,Does Not Apply,Does Not Apply,Unknown,Unknown,Unspecified,Unspecified,Does Not Apply,Driver,M
12/8/21,19:30,MANHATTAN,10022,40.76175,-73.96899,"(40.76175, -73.96899)",Unspecified,Unspecified,127       EAST 58 STREET,Following Too Closely,Reaction to Uninvolved Vehicle,Unspecified,Unspecified,Unspecified,4484852,Station Wagon/Sport Utility Vehicle,Bike,Unspecified,Unspecified,Unspecified,NY,Station Wagon/Sport Utility Vehicle,CHEV -CAR/SUV,Unspecified,2016,East,M,Licensed,NY,Going Straight Ahead,Right Front Bumper,Right Front Bumper,Right Front Quarter Panel,Unspecified,Unspecified,N,Unspecified,129b3fc6-d589-49e9-a0e6-46d1253ce377,Occupant,Unspecified,Not Ejected,Does Not Apply,Does Not Apply,Driver,Unknown,Unspecified,Unspecified,Does Not Apply,Driver,M
12/8/21,12:00,MANHATTAN,10011,40.736614,-73.9951,"(40.736614, -73.9951)",Unspecified,Unspecified,44        WEST 14 STREET,Passing or Lane Usage Improper,Unspecified,Unspecified,Unspecified,Unspecified,4485542,Box Truck,Bike,Unspecified,Unspecified,Unspecified,Unspecified,Bike,Unspecified,Unspecified,0,East,M,Unspecified,Unspecified,Going Straight Ahead,No Damage,No Damage,Unspecified,Unspecified,Unspecified,Unspecified,Unspecified,d5129b88-bdfa-4e20-8ccf-e6c6af101f39,Occupant,Unspecified,Not Ejected,Does Not Apply,Does Not Apply,Driver,Lap Belt,Unspecified,Unspecified,Does Not Apply,Driver,M
12/10/21,8:06,Unspecified,Unspecified,0,0,Unspecified,FLATBUSH AVENUE,GRAND ARMY PLAZA,Unspecified,Unsafe Lane Changing,Unspecified,Unspecified,Unspecified,Unspecified,4485170,Garbage or Refuse,Sedan,Unspecified,Unspecified,Unspecified,NY,Sedan,TOYT -CAR/SUV,Unspecified,2016,South,F,Licensed,NY,Going Straight Ahead,Left Rear Quarter Panel,Left Rear Quarter Panel,Unspecified,Unspecified,Unspecified,N,Unspecified,4e2bbf93-6df5-4142-bf1d-3fabff6b8801,Occupant,Unspecified,Not Ejected,Does Not Apply,Does Not Apply,Driver,Lap Belt,Unspecified,Unspecified,Does Not Apply,Driver,F
12/8/21,19:30,Unspecified,Unspecified,0,0,Unspecified,OCEAN PARKWAY,Unspecified,Unspecified,Unsafe Speed,Unspecified,Unspecified,Unspecified,Unspecified,4485523,Taxi,Station Wagon/Sport Utility Vehicle,Unspecified,Unspecified,Unspecified,Unspecified,Station Wagon/Sport Utility Vehicle,MERZ -CAR/SUV,Unspecified,0,South,Unspecified,Unspecified,Unspecified,Going Straight Ahead,Left Front Bumper,Left Front Bumper,No Damage,No Damage,No Damage,N,Unspecified,c12547a8-e66a-4889-818e-8aedc77d7e73,Occupant,Injured,Not Ejected,Conscious,Head,Driver,Lap Belt,Unspecified,Unspecified,Complaint of Pain or Nausea,Driver,M
12/8/21,22:37,STATEN ISLAND,10314,40.62121,-74.12385,"(40.62121, -74.12385)",Unspecified,Unspecified,288       MANOR ROAD,Pavement Slippery,Unspecified,Unspecified,Unspecified,Unspecified,4484906,Sedan,Unspecified,Unspecified,Unspecified,Unspecified,NY,Sedan,HOND -CAR/SUV,Unspecified,2008,West,M,Licensed,NY,Going Straight Ahead,Center Front End,Center Front End,Center Front End,Center Front End,Center Front End,N,Unspecified,e233b4cb-5ab2-4af9-b974-04ed3f822d00,Occupant,Unspecified,Not Ejected,Does Not Apply,Does Not Apply,Driver,Lap Belt & Harness,Unspecified,Unspecified,Does Not Apply,Driver,M
12/8/21,17:56,Unspecified,Unspecified,40.873737,-73.90593,"(40.873737, -73.90593)",MAJOR DEEGAN EXPRESSWAY,Unspecified,Unspecified,Unspecified,Unspecified,Unspecified,Unspecified,Unspecified,4485036,Sedan,Unspecified,Unspecified,Unspecified,Unspecified,NY,Sedan,MAZD -CAR/SUV,Unspecified,2013,South,M,Licensed,NY,Going Straight Ahead,Left Front Bumper,Left Front Bumper,Center Front End,Unspecified,Unspecified,N,Unspecified,b1932171-3446-4823-baff-954f29653194,Occupant,Unspecified,Not Ejected,Does Not Apply,Does Not Apply,Driver,Lap Belt & Harness,Unspecified,Unspecified,Does Not Apply,Driver,M
12/7/21,7:50,Unspecified,Unspecified,40.66718,-73.95076,"(40.66718, -73.95076)",CARROLL STREET,Unspecified,Unspecified,Driver Inattention/Distraction,Unspecified,Unspecified,Unspecified,Unspecified,4485772,Sedan,Sedan,Unspecified,Unspecified,Unspecified,NY,Sedan,HOND -CAR/SUV,Unspecified,2020,East,F,Unspecified,Unspecified,Going Straight Ahead,Right Front Quarter Panel,Right Front Quarter Panel,Unspecified,Unspecified,Unspecified,Unspecified,Unspecified,241e6471-a8c1-41f0-b215-8487e1875087,Occupant,Unspecified,Unspecified,Unspecified,Unspecified,Unspecified,Unspecified,Unspecified,Unspecified,Unspecified,Registrant,F
12/8/21,0:44,QUEENS,11101,40.754295,-73.93946,"(40.754295, -73.93946)",23 STREET,40 AVENUE,Unspecified,View Obstructed/Limited,Unspecified,Unspecified,Unspecified,Unspecified,4485565,Sedan,Unspecified,Unspecified,Unspecified,Unspecified,NY,Sedan,MERZ -CAR/SUV,Unspecified,2008,West,Unspecified,Unspecified,Unspecified,Parked,Right Front Bumper,Right Front Bumper,Unspecified,Unspecified,Unspecified,Unspecified,Unspecified,af80b0b2-ac11-460f-954d-78f8c0e20401,Occupant,Unspecified,Unspecified,Unspecified,Unspecified,Unspecified,Unspecified,Unspecified,Unspecified,Unspecified,Registrant,M
12/8/21,15:00,Unspecified,Unspecified,40.588116,-73.97261,"(40.588116, -73.97261)",AVENUE Y,Unspecified,Unspecified,Passing Too Closely,Unspecified,Unspecified,Unspecified,Unspecified,4484836,Sedan,Unspecified,Unspecified,Unspecified,Unspecified,NY,Sedan,HOND -CAR/SUV,Unspecified,2013,West,Unspecified,Unspecified,Unspecified,Parked,Left Front Bumper,Center Front End,Right Front Bumper,No Damage,No Damage,N,Unspecified,2c7e31d5-fbb7-427b-a74c-dbca511363d2,Occupant,Unspecified,Unspecified,Unspecified,Unspecified,Unspecified,Unspecified,Unspecified,Unspecified,Unspecified,Registrant,M
12/10/21,11:00,BRONX,10461,40.854935,-73.85822,"(40.854935, -73.85822)",Unspecified,Unspecified,2123      LURTING AVENUE,Oversized Vehicle,Unspecified,Unspecified,Unspecified,Unspecified,4485340,Station Wagon/Sport Utility Vehicle,Station Wagon/Sport Utility Vehicle,Unspecified,Unspecified,Unspecified,Unspecified,Station Wagon/Sport Utility Vehicle,Unspecified,Unspecified,0,South,Unspecified,Unspecified,Unspecified,Going Straight Ahead,Unspecified,Unspecified,Unspecified,Unspecified,Unspecified,N,Unspecified,a6356353-5928-4375-85dc-4fbfb93e170a,Occupant,Unspecified,Unspecified,Unspecified,Unspecified,Unspecified,Unspecified,Unspecified,Unspecified,Unspecified,Registrant,M
12/10/21,1:10,Unspecified,Unspecified,40.662575,-73.93448,"(40.662575, -73.93448)",SCHENECTADY AVENUE,Unspecified,Unspecified,Driver Inattention/Distraction,Unspecified,Unspecified,Unspecified,Unspecified,4485706,Station Wagon/Sport Utility Vehicle,Sedan,Unspecified,Unspecified,Unspecified,NY,Sedan,HOND -CAR/SUV,Unspecified,2007,South,M,Licensed,NY,Going Straight Ahead,Center Front End,Right Front Bumper,Left Front Bumper,Unspecified,Unspecified,N,Unspecified,5e689b45-ec7f-4c60-9c7a-81df06a07e4d,Occupant,Unspecified,Unspecified,Unspecified,Unspecified,Unspecified,Unspecified,Unspecified,Unspecified,Unspecified,Registrant,F
12/9/21,0:00,Unspecified,Unspecified,40.7448,-73.953415,"(40.7448, -73.953415)",47 ROAD,Unspecified,Unspecified,Unspecified,Unspecified,Unspecified,Unspecified,Unspecified,4485384,Sedan,Unspecified,Unspecified,Unspecified,Unspecified,NY,Sedan,TOYT -CAR/SUV,Unspecified,2018,East,M,Licensed,NY,Going Straight Ahead,Right Front Quarter Panel,Right Front Quarter Panel,Unspecified,Unspecified,Unspecified,N,Unspecified,d8c6b170-1b51-4cdf-a97d-6b683660f915,Occupant,Unspecified,Unspecified,Unspecified,Unspecified,Unspecified,Unspecified,Unspecified,Unspecified,Unspecified,Registrant,M
12/8/21,18:36,Unspecified,Unspecified,40.79672,-73.97618,"(40.79672, -73.97618)",HENRY HUDSON PARKWAY,Unspecified,Unspecified,Passing or Lane Usage Improper,Unspecified,Unspecified,Unspecified,Unspecified,4484799,Sedan,Station Wagon/Sport Utility Vehicle,Unspecified,Unspecified,Unspecified,NY,Station Wagon/Sport Utility Vehicle,HOND -CAR/SUV,Unspecified,2019,South,Unspecified,Unspecified,Unspecified,Changing Lanes,Right Front Quarter Panel,Unspecified,Unspecified,Unspecified,Unspecified,N,Unspecified,2a23e707-7175-4c6f-b456-e1fe5e7751d4,Occupant,Unspecified,Not Ejected,Does Not Apply,Does Not Apply,"Front passenger, if two or more persons, including the driver, are in the front seat",Lap Belt,Unspecified,Unspecified,Does Not Apply,Passenger,F
12/9/21,20:30,QUEENS,11004,40.752777,-73.70743,"(40.752777, -73.70743)",Unspecified,Unspecified,269-01    76 AVENUE,Illnes,Unspecified,Unspecified,Unspecified,Unspecified,4485077,Sedan,Unspecified,Unspecified,Unspecified,Unspecified,NY,Sedan,DODG -CAR/SUV,Unspecified,2019,North,M,Licensed,NY,Going Straight Ahead,Center Front End,Center Front End,Left Front Bumper,Right Front Bumper,Unspecified,Y,Unspecified,35e833e4-a0aa-4190-a8bd-a67bf14d5a8f,Occupant,Unspecified,Unspecified,Unspecified,Unspecified,Unspecified,Unspecified,Unspecified,Unspecified,Unspecified,Registrant,M
12/9/21,10:13,BROOKLYN,11203,40.638523,-73.92607,"(40.638523, -73.92607)",KINGS HIGHWAY,FARRAGUT ROAD,Unspecified,Traffic Control Disregarded,Traffic Control Disregarded,Unspecified,Unspecified,Unspecified,4485090,Sedan,Sedan,Unspecified,Unspecified,Unspecified,NY,Sedan,NISS -CAR/SUV,Unspecified,2006,South,M,Licensed,NY,Going Straight Ahead,Right Front Quarter Panel,Right Front Quarter Panel,Right Front Bumper,No Damage,No Damage,N,Unspecified,2e46b439-dfa9-42fa-9cf7-2cb472583ee3,Occupant,Unspecified,Not Ejected,Does Not Apply,Does Not Apply,Driver,Lap Belt & Harness,Unspecified,Unspecified,Does Not Apply,Driver,M
3/26/22,14:00,STATEN ISLAND,10301,40.637833,-74.08193,"(40.637833, -74.08193)",CORSON AVENUE,WESTERVELT AVENUE,Unspecified,Driver Inattention/Distraction,Unspecified,Unspecified,Unspecified,Unspecified,4513697,Sedan,Sedan,Unspecified,Unspecified,Unspecified,NY,Sedan,Unspecified,Unspecified,0,East,Unspecified,Unspecified,Unspecified,Going Straight Ahead,Right Rear Quarter Panel,No Damage,No Damage,No Damage,No Damage,Unspecified,Unspecified,53085f99-d021-4b15-a399-9bcd978e7e0c,Occupant,Unspecified,Unspecified,Unspecified,Unspecified,Unspecified,Unspecified,Unspecified,Unspecified,Unspecified,Registrant,F
3/26/22,1:02,MANHATTAN,10025,40.797836,-73.96946,"(40.797836, -73.96946)",WEST 101 STREET,BROADWAY,Unspecified,Traffic Control Disregarded,Unspecified,Unspecified,Unspecified,Unspecified,4513935,Sedan,Moped,Unspecified,Unspecified,Unspecified,NY,Sedan,TOYT -CAR/SUV,Unspecified,2016,West,M,Licensed,NY,Going Straight Ahead,Left Front Quarter Panel,Left Front Quarter Panel,Left Front Bumper,No Damage,No Damage,N,Unspecified,fd7e8543-2b80-4b36-9221-de00412dca93,Occupant,Injured,Ejected,Conscious,Face,Driver,Unspecified,Unspecified,Unspecified,Whiplash,Driver,M
3/26/22,16:02,QUEENS,11373,40.734375,-73.87342,"(40.734375, -73.87342)",QUEENS BOULEVARD,57 AVENUE,Unspecified,Lost Consciousness,Unspecified,Unspecified,Unspecified,Unspecified,4513794,Station Wagon/Sport Utility Vehicle,Sedan,Unspecified,Unspecified,Unspecified,Unspecified,Unspecified,Unspecified,Unspecified,0,Unspecified,Unspecified,Unspecified,Unspecified,Unspecified,Unspecified,Unspecified,Unspecified,Unspecified,Unspecified,Unspecified,STOREFRONT SIDESWIPED BY VEHICLE,4bde30a9-142f-4eda-8fbc-61e03a177ba2,Occupant,Unspecified,Unspecified,Unspecified,Unspecified,Unspecified,Unspecified,Unspecified,Unspecified,Unspecified,Registrant,F
3/26/22,16:05,QUEENS,11411,40.699947,-73.736626,"(40.699947, -73.736626)",115 AVENUE,221 STREET,Unspecified,Following Too Closely,Unspecified,Unspecified,Unspecified,Unspecified,4514267,Station Wagon/Sport Utility Vehicle,Bus,Unspecified,Unspecified,Unspecified,NJ,Bus,FRHT-TRUCK/BUS,Unspecified,2019,East,M,Licensed,NY,Slowing or Stopping,Center Front End,Center Front End,Unspecified,Unspecified,Unspecified,N,Unspecified,670a4436-1f6b-41a6-ad73-523e98619737,Occupant,Unspecified,Unspecified,Unspecified,Unspecified,Unspecified,Unspecified,Unspecified,Unspecified,Unspecified,Registrant,U
3/21/22,12:05,MANHATTAN,10018,40.75632,-73.999275,"(40.75632, -73.999275)",Unspecified,Unspecified,515       WEST 36 STREET,Following Too Closely,Unspecified,Unspecified,Unspecified,Unspecified,4514237,Motorcycle,Sedan,Unspecified,Unspecified,Unspecified,NY,Motorcycle,C mot,Unspecified,2029,East,M,Licensed,NY,Going Straight Ahead,Left Side Doors,No Damage,No Damage,No Damage,No Damage,N,Unspecified,c1bc1d1b-7973-414e-8cf5-cea5b7813d7e,Occupant,Unspecified,Unspecified,Unspecified,Unspecified,Unspecified,Unspecified,Unspecified,Unspecified,Unspecified,Registrant,M
3/26/22,5:13,QUEENS,11418,40.69614,-73.81789,"(40.69614, -73.81789)",131 STREET,ATLANTIC AVENUE,Unspecified,Failure to Yield Right-of-Way,Unspecified,Unspecified,Unspecified,Unspecified,4513470,Station Wagon/Sport Utility Vehicle,Station Wagon/Sport Utility Vehicle,Unspecified,Unspecified,Unspecified,NJ,Station Wagon/Sport Utility Vehicle,Unspecified,Unspecified,2016,East,M,Licensed,NY,Going Straight Ahead,Right Side Doors,Right Rear Quarter Panel,Unspecified,Unspecified,Unspecified,N,Unspecified,d6ba5d10-e494-4eaa-919f-a700a176622b,Occupant,Unspecified,Unspecified,Unspecified,Unspecified,Unspecified,Unspecified,Unspecified,Unspecified,Unspecified,Registrant,M
3/26/22,17:42,BROOKLYN,11234,40.631687,-73.9205,"(40.631687, -73.9205)",Unspecified,Unspecified,935       EAST 58 STREET,Driver Inattention/Distraction,Unspecified,Unspecified,Unspecified,Unspecified,4513751,Sedan,Unspecified,Unspecified,Unspecified,Unspecified,Unspecified,Unspecified,Unspecified,Unspecified,0,North,Unspecified,Unspecified,Unspecified,Going Straight Ahead,Right Front Bumper,Unspecified,Unspecified,Unspecified,Unspecified,N,Unspecified,3b99276f-8263-486a-86d4-5ffbc085ffbf,Occupant,Unspecified,Unspecified,Unspecified,Unspecified,Unspecified,Unspecified,Unspecified,Unspecified,Unspecified,Registrant,M
3/26/22,12:18,BRONX,10466,40.88839,-73.84666,"(40.88839, -73.84666)",LACONIA AVENUE,EAST 231 STREET,Unspecified,Failure to Yield Right-of-Way,Unspecified,Unspecified,Unspecified,Unspecified,4514075,Station Wagon/Sport Utility Vehicle,Station Wagon/Sport Utility Vehicle,Unspecified,Unspecified,Unspecified,NY,Station Wagon/Sport Utility Vehicle,SUBA -CAR/SUV,Unspecified,2009,East,Unspecified,Unspecified,Unspecified,Going Straight Ahead,Center Front End,Right Front Bumper,Left Front Bumper,Left Front Quarter Panel,Unspecified,N,Unspecified,304af339-c669-4331-b796-5ce61e868a0f,Occupant,Unspecified,Unspecified,Unspecified,Unspecified,Unspecified,Unspecified,Unspecified,Unspecified,Unspecified,Registrant,F